category,new_path,original
trips,assets/gallery/trips/trips-001.jpeg,TRIPS/TRIPS/WhatsApp Image 2026-01-17 at 7.50.24 PM.jpeg
trips,assets/gallery/trips/trips-002.jpeg,TRIPS/TRIPS/WhatsApp Image 2026-01-17 at 7.50.25 PM.jpeg
trips,assets/gallery/trips/trips-003.jpeg,TRIPS/TRIPS/WhatsApp Image 2026-01-17 at 7.50.58 PM (1).jpeg
trips,assets/gallery/trips/trips-004.jpeg,TRIPS/TRIPS/WhatsApp Image 2026-01-17 at 7.50.58 PM.jpeg
trips,assets/gallery/trips/trips-005.jpeg,TRIPS/TRIPS/WhatsApp Image 2026-01-17 at 7.50.59 PM.jpeg
trips,assets/gallery/trips/trips-006.jpeg,TRIPS/TRIPS/WhatsApp Image 2026-01-17 at 7.51.00 PM (1).jpeg
trips,assets/gallery/trips/trips-007.jpeg,TRIPS/TRIPS/WhatsApp Image 2026-01-17 at 7.51.00 PM.jpeg
trips,assets/gallery/trips/trips-008.jpeg,TRIPS/TRIPS/WhatsApp Image 2026-01-17 at 7.51.01 PM (1).jpeg
trips,assets/gallery/trips/trips-009.jpeg,TRIPS/TRIPS/WhatsApp Image 2026-01-17 at 7.51.01 PM (2).jpeg
trips,assets/gallery/trips/trips-010.jpeg,TRIPS/TRIPS/WhatsApp Image 2026-01-17 at 7.51.01 PM.jpeg
trips,assets/gallery/trips/trips-011.jpeg,TRIPS/TRIPS/WhatsApp Image 2026-01-17 at 7.51.02 PM (1).jpeg
trips,assets/gallery/trips/trips-012.jpeg,TRIPS/TRIPS/WhatsApp Image 2026-01-17 at 7.51.02 PM.jpeg
trips,assets/gallery/trips/trips-013.jpeg,TRIPS/TRIPS/WhatsApp Image 2026-01-17 at 7.51.46 PM (1).jpeg
trips,assets/gallery/trips/trips-014.jpeg,TRIPS/TRIPS/WhatsApp Image 2026-01-17 at 7.51.46 PM.jpeg
trips,assets/gallery/trips/trips-015.jpeg,TRIPS/TRIPS/WhatsApp Image 2026-01-17 at 7.51.47 PM.jpeg
people,assets/gallery/people/people-001.jpeg,ME_AND_RANDOMS/ME AND RANDOMS/WhatsApp Image 2026-01-17 at 7.46.39 PM.jpeg
people,assets/gallery/people/people-002.jpeg,ME_AND_RANDOMS/ME AND RANDOMS/WhatsApp Image 2026-01-17 at 7.46.41 PM (1).jpeg
people,assets/gallery/people/people-003.jpeg,ME_AND_RANDOMS/ME AND RANDOMS/WhatsApp Image 2026-01-17 at 7.46.41 PM.jpeg
people,assets/gallery/people/people-004.jpeg,ME_AND_RANDOMS/ME AND RANDOMS/WhatsApp Image 2026-01-17 at 7.46.42 PM.jpeg
people,assets/gallery/people/people-005.jpeg,ME_AND_RANDOMS/ME AND RANDOMS/WhatsApp Image 2026-01-17 at 7.46.43 PM.jpeg
people,assets/gallery/people/people-006.jpeg,ME_AND_RANDOMS/ME AND RANDOMS/WhatsApp Image 2026-01-17 at 7.47.30 PM.jpeg
people,assets/gallery/people/people-007.jpeg,ME_AND_RANDOMS/ME AND RANDOMS/WhatsApp Image 2026-01-17 at 7.48.58 PM (1).jpeg
people,assets/gallery/people/people-008.jpeg,ME_AND_RANDOMS/ME AND RANDOMS/WhatsApp Image 2026-01-17 at 7.48.58 PM (2).jpeg
people,assets/gallery/people/people-009.jpeg,ME_AND_RANDOMS/ME AND RANDOMS/WhatsApp Image 2026-01-17 at 7.48.58 PM.jpeg
people,assets/gallery/people/people-010.jpeg,ME_AND_RANDOMS/ME AND RANDOMS/WhatsApp Image 2026-01-17 at 7.48.59 PM.jpeg
people,assets/gallery/people/people-011.jpeg,ME_AND_RANDOMS/ME AND RANDOMS/WhatsApp Image 2026-01-17 at 7.49.00 PM (1).jpeg
people,assets/gallery/people/people-012.jpeg,ME_AND_RANDOMS/ME AND RANDOMS/WhatsApp Image 2026-01-17 at 7.49.00 PM (2).jpeg
people,assets/gallery/people/people-013.jpeg,ME_AND_RANDOMS/ME AND RANDOMS/WhatsApp Image 2026-01-17 at 7.49.00 PM.jpeg
people,assets/gallery/people/people-014.jpeg,ME_AND_RANDOMS/ME AND RANDOMS/WhatsApp Image 2026-01-17 at 7.49.01 PM (1).jpeg
people,assets/gallery/people/people-015.jpeg,ME_AND_RANDOMS/ME AND RANDOMS/WhatsApp Image 2026-01-17 at 7.49.01 PM.jpeg
people,assets/gallery/people/people-016.jpeg,ME_AND_RANDOMS/ME AND RANDOMS/WhatsApp Image 2026-01-17 at 7.49.02 PM.jpeg
moments,assets/gallery/moments/moments-001.jpeg,PICS/PICS/WhatsApp Image 2026-01-17 at 7.42.24 PM (1).jpeg
moments,assets/gallery/moments/moments-002.jpeg,PICS/PICS/WhatsApp Image 2026-01-17 at 7.42.24 PM.jpeg
moments,assets/gallery/moments/moments-003.jpeg,PICS/PICS/WhatsApp Image 2026-01-17 at 7.42.25 PM (1).jpeg
moments,assets/gallery/moments/moments-004.jpeg,PICS/PICS/WhatsApp Image 2026-01-17 at 7.42.25 PM.jpeg
moments,assets/gallery/moments/moments-005.jpeg,PICS/PICS/WhatsApp Image 2026-01-17 at 7.42.26 PM.jpeg
moments,assets/gallery/moments/moments-006.jpeg,PICS/PICS/WhatsApp Image 2026-01-17 at 7.42.27 PM (1).jpeg
moments,assets/gallery/moments/moments-007.jpeg,PICS/PICS/WhatsApp Image 2026-01-17 at 7.42.27 PM.jpeg
moments,assets/gallery/moments/moments-008.jpeg,PICS/PICS/WhatsApp Image 2026-01-17 at 7.42.29 PM (1).jpeg
moments,assets/gallery/moments/moments-009.jpeg,PICS/PICS/WhatsApp Image 2026-01-17 at 7.42.29 PM (2).jpeg
moments,assets/gallery/moments/moments-010.jpeg,PICS/PICS/WhatsApp Image 2026-01-17 at 7.42.29 PM.jpeg
moments,assets/gallery/moments/moments-011.jpeg,PICS/PICS/WhatsApp Image 2026-01-17 at 7.42.30 PM (1).jpeg
moments,assets/gallery/moments/moments-012.jpeg,PICS/PICS/WhatsApp Image 2026-01-17 at 7.42.31 PM (1).jpeg
moments,assets/gallery/moments/moments-013.jpeg,PICS/PICS/WhatsApp Image 2026-01-17 at 7.42.31 PM.jpeg
moments,assets/gallery/moments/moments-014.jpeg,PICS/PICS/WhatsApp Image 2026-01-17 at 7.42.32 PM - Copy.jpeg
moments,assets/gallery/moments/moments-015.jpeg,PICS/PICS/WhatsApp Image 2026-01-17 at 7.42.32 PM.jpeg
moments,assets/gallery/moments/moments-016.jpeg,PICS/PICS/WhatsApp Image 2026-01-17 at 7.42.33 PM (1) - Copy.jpeg
moments,assets/gallery/moments/moments-017.jpeg,PICS/PICS/WhatsApp Image 2026-01-17 at 7.42.33 PM (1).jpeg
moments,assets/gallery/moments/moments-018.jpeg,PICS/PICS/WhatsApp Image 2026-01-17 at 7.42.33 PM.jpeg
moments,assets/gallery/moments/moments-019.jpeg,PICS/PICS/WhatsApp Image 2026-01-17 at 7.42.34 PM (1) - Copy.jpeg
moments,assets/gallery/moments/moments-020.jpeg,PICS/PICS/WhatsApp Image 2026-01-17 at 7.42.34 PM (1).jpeg
moments,assets/gallery/moments/moments-021.jpeg,PICS/PICS/WhatsApp Image 2026-01-17 at 7.42.34 PM (2) - Copy.jpeg
moments,assets/gallery/moments/moments-022.jpeg,PICS/PICS/WhatsApp Image 2026-01-17 at 7.42.34 PM (2).jpeg
moments,assets/gallery/moments/moments-023.jpeg,PICS/PICS/WhatsApp Image 2026-01-17 at 7.42.34 PM.jpeg
moments,assets/gallery/moments/moments-024.jpeg,PICS/PICS/WhatsApp Image 2026-01-17 at 7.42.35 PM (1) - Copy.jpeg
moments,assets/gallery/moments/moments-025.jpeg,PICS/PICS/WhatsApp Image 2026-01-17 at 7.42.35 PM (1).jpeg
moments,assets/gallery/moments/moments-026.jpeg,PICS/PICS/WhatsApp Image 2026-01-17 at 7.42.35 PM (2) - Copy.jpeg
moments,assets/gallery/moments/moments-027.jpeg,PICS/PICS/WhatsApp Image 2026-01-17 at 7.42.35 PM (2).jpeg
moments,assets/gallery/moments/moments-028.jpeg,PICS/PICS/WhatsApp Image 2026-01-17 at 7.42.35 PM.jpeg
moments,assets/gallery/moments/moments-029.jpeg,PICS/PICS/WhatsApp Image 2026-01-17 at 7.42.36 PM (1).jpeg
moments,assets/gallery/moments/moments-030.jpeg,PICS/PICS/WhatsApp Image 2026-01-17 at 7.42.36 PM (2).jpeg
moments,assets/gallery/moments/moments-031.jpeg,PICS/PICS/WhatsApp Image 2026-01-17 at 7.42.36 PM.jpeg
moments,assets/gallery/moments/moments-032.jpeg,PICS/PICS/WhatsApp Image 2026-01-17 at 7.42.37 PM.jpeg
moments,assets/gallery/moments/moments-033.jpeg,PICS/PICS/WhatsApp Image 2026-01-17 at 7.42.38 PM.jpeg
moments,assets/gallery/moments/moments-034.jpeg,PICS/PICS/WhatsApp Image 2026-01-17 at 7.42.39 PM (1).jpeg
moments,assets/gallery/moments/moments-035.jpeg,PICS/PICS/WhatsApp Image 2026-01-17 at 7.42.39 PM (2).jpeg
moments,assets/gallery/moments/moments-036.jpeg,PICS/PICS/WhatsApp Image 2026-01-17 at 7.42.39 PM.jpeg
moments,assets/gallery/moments/moments-037.jpeg,PICS/PICS/WhatsApp Image 2026-01-17 at 7.42.40 PM (1).jpeg
moments,assets/gallery/moments/moments-038.jpeg,PICS/PICS/WhatsApp Image 2026-01-17 at 7.42.40 PM.jpeg
moments,assets/gallery/moments/moments-039.jpeg,PICS/PICS/WhatsApp Image 2026-01-17 at 7.42.41 PM.jpeg
moments,assets/gallery/moments/moments-040.jpeg,PICS/PICS/WhatsApp Image 2026-01-17 at 7.42.42 PM.jpeg
moments,assets/gallery/moments/moments-041.jpeg,PICS/PICS/WhatsApp Image 2026-01-17 at 7.42.43 PM (1).jpeg
moments,assets/gallery/moments/moments-042.jpeg,PICS/PICS/WhatsApp Image 2026-01-17 at 7.42.43 PM.jpeg
moments,assets/gallery/moments/moments-043.jpeg,PICS/PICS/WhatsApp Image 2026-01-17 at 7.42.44 PM.jpeg
moments,assets/gallery/moments/moments-044.jpeg,PICS/PICS/WhatsApp Image 2026-01-17 at 7.42.45 PM (1).jpeg
moments,assets/gallery/moments/moments-045.jpeg,PICS/PICS/WhatsApp Image 2026-01-17 at 7.42.45 PM.jpeg
moments,assets/gallery/moments/moments-046.jpeg,PICS/PICS/WhatsApp Image 2026-01-17 at 7.42.46 PM (1).jpeg
moments,assets/gallery/moments/moments-047.jpeg,PICS/PICS/WhatsApp Image 2026-01-17 at 7.42.46 PM (2).jpeg
moments,assets/gallery/moments/moments-048.jpeg,PICS/PICS/WhatsApp Image 2026-01-17 at 7.42.46 PM.jpeg
moments,assets/gallery/moments/moments-049.jpeg,PICS/PICS/WhatsApp Image 2026-01-17 at 7.42.47 PM.jpeg
moments,assets/gallery/moments/moments-050.jpeg,PICS/PICS/WhatsApp Image 2026-01-17 at 7.42.48 PM.jpeg
moments,assets/gallery/moments/moments-051.jpeg,PICS/PICS/WhatsApp Image 2026-01-17 at 7.42.49 PM.jpeg
moments,assets/gallery/moments/moments-052.jpeg,PICS/PICS/WhatsApp Image 2026-01-17 at 7.43.32 PM.jpeg
moments,assets/gallery/moments/moments-053.jpeg,PICS/PICS/WhatsApp Image 2026-01-17 at 7.43.34 PM (1).jpeg
moments,assets/gallery/moments/moments-054.jpeg,PICS/PICS/WhatsApp Image 2026-01-17 at 7.43.34 PM.jpeg
moments,assets/gallery/moments/moments-055.jpeg,PICS/PICS/WhatsApp Image 2026-01-17 at 7.43.35 PM (1).jpeg
moments,assets/gallery/moments/moments-056.jpeg,PICS/PICS/WhatsApp Image 2026-01-17 at 7.43.35 PM.jpeg
moments,assets/gallery/moments/moments-057.jpeg,PICS/PICS/WhatsApp Image 2026-01-17 at 7.43.36 PM.jpeg
moments,assets/gallery/moments/moments-058.jpeg,PICS/PICS/WhatsApp Image 2026-01-17 at 7.44.43 PM.jpeg
moments,assets/gallery/moments/moments-059.jpeg,PICS/PICS/WhatsApp Image 2026-01-17 at 7.44.44 PM.jpeg
